,Missed Client Rules
0,"((AF <= 0.000) U[0,0] (y >= 0.000))"
1,"((AF >= 0.000) U[0,0] (Pulse <= 0.000))"
2,"((AF >= 0.000) U[0,0] (n_evts >= 0.000))"
3,"((AF >= 0.000) U[0,0] (s24_hr <= 0.000))"
4,"((ALBUMIN >= 0.000) U[0,0] (hr >= 0.000))"
5,"((ALBUMIN >= 0.000) U[0,0] (y = 0.000))"
6,"((ALKALINE_PHOSPHATASE > 0.000) U[0,0] (y = 0.000))"
7,"((ALKALINE_PHOSPHATASE >= 0.000) U[0,0] (y = 0.000))"
8,"((AST_GOT > 0.000) U[0,0] (y = 0.000))"
9,"((BLOOD_UREA_NITROGEN <= 0.000) U[0,0] (PARTIAL_THROMBOPLASTIN_TIME >= 0.000))"
10,"((BLOOD_UREA_NITROGEN <= 0.000) U[0,0] (death >= 0.000))"
11,"((BLOOD_UREA_NITROGEN <= 0.000) U[0,0] (n_evts >= 0.000))"
12,"((BLOOD_UREA_NITROGEN >= 0.000) U[0,0] (MET >= 0.000))"
13,"((BLOOD_UREA_NITROGEN >= 0.000) U[0,0] (direct >= 0.000))"
14,"((BLOOD_UREA_NITROGEN >= 0.000) U[0,0] (s8_hr <= 0.000))"
15,"((CALCIUM <= 0.000) U[0,0] (WHITE_BLOOD_CELL_COUNT <= 0.000))"
16,"((CALCIUM <= 0.000) U[0,0] (s2_hr <= 0.000))"
17,"((CALCIUM >= 0.000) U[0,0] (MET >= 0.000))"
18,"((CALCIUM >= 0.000) U[0,0] (n_edrk <= 0.000))"
19,"((CALCIUM >= 0.000) U[0,0] (y >= 0.000))"
20,"((CHLORIDE < 0.000) U[0,0] (y = 0.000))"
21,"((CHLORIDE <= 0.000) U[0,0] (HEMOGLOBIN >= 0.000))"
22,"((CHLORIDE <= 0.000) U[0,0] (n_evts >= 0.000))"
23,"((CHLORIDE >= 0.000) U[0,0] (n_edrk <= 0.000))"
24,"((CHLORIDE >= 0.000) U[0,0] (n_evts >= 0.000))"
25,"((CO2 <= 0.000) U[0,0] (PROTIME_INR <= 0.000))"
26,"((CO2 <= 0.000) U[0,0] (n_evts >= 0.000))"
27,"((CO2 >= 0.000) U[0,0] (y = 0.000))"
28,"((CREATININE <= 0.000) U[0,0] (ICU_Pt_Days >= 0.000))"
29,"((CREATININE >= 0.000) U[0,0] (LOS >= 0.000))"
30,"((CREATININE >= 0.000) U[0,0] (MET >= 0.000))"
31,"((CREATININE >= 0.000) U[0,0] (PARTIAL_THROMBOPLASTIN_TIME >= 0.000))"
32,"((CREATININE >= 0.000) U[0,0] (PROTIME_INR <= 0.000))"
33,"((CREATININE >= 0.000) U[0,0] (death <= 0.000))"
34,"((GLUCOSE >= 0.000) U[0,0] (PROTIME_INR >= 0.000))"
35,"((Glasgow_Coma_Scale_Total <= 0.000) U[0,0] (MET <= 0.000))"
36,"((Glasgow_Coma_Scale_Total <= 0.000) U[0,0] (MET >= 0.000))"
37,"((Glasgow_Coma_Scale_Total <= 0.000) U[0,0] (n_evts >= 0.000))"
38,"((Glasgow_Coma_Scale_Total <= 0.000) U[0,0] (s24_hr <= 0.000))"
39,"((Glasgow_Coma_Scale_Total >= 0.000) U[0,0] (hr >= 0.000))"
40,"((Glasgow_Coma_Scale_Total >= 0.000) U[0,0] (s8_hr <= 0.000))"
41,"((HEMOGLOBIN >= 0.000) U[0,0] (ICU_Pt_Days >= 0.000))"
42,"((HEMOGLOBIN >= 0.000) U[0,0] (LACTIC_ACID >= 0.000))"
43,"((HEMOGLOBIN >= 0.000) U[0,0] (MET >= 0.000))"
44,"((HEMOGLOBIN >= 0.000) U[0,0] (tte <= 0.000))"
45,"((HEMOGLOBIN >= 0.000) U[0,0] (y >= 0.000))"
46,"((ICU_Pt_Days <= 0.000) U[0,0] (y >= 0.000))"
47,"((ICU_Pt_Days >= 0.000) U[0,0] (PLATELET_COUNT <= 0.000))"
48,"((ICU_Pt_Days >= 0.000) U[0,0] (Pulse >= 0.000))"
49,"((ICU_Pt_Days >= 0.000) U[0,0] (SODIUM >= 0.000))"
50,"((ICU_Pt_Days >= 0.000) U[0,0] (SpO2 >= 0.000))"
51,"((ICU_Pt_Days >= 0.000) U[0,0] (WHITE_BLOOD_CELL_COUNT >= 0.000))"
52,"((ICU_Pt_Days >= 0.000) U[0,0] (n_edrk <= 0.000))"
53,"((ICU_Pt_Days >= 0.000) U[0,0] (n_edrk >= 0.000))"
54,"((ICU_Pt_Days >= 0.000) U[0,0] (s8_hr >= 0.000))"
55,"((LACTIC_ACID > 0.000) U[0,0] (y = 0.000))"
56,"((LACTIC_ACID >= 0.000) U[0,0] (O2_Flow >= 0.000))"
57,"((LOS >= 0.000) U[0,0] (WHITE_BLOOD_CELL_COUNT <= 0.000))"
58,"((LOS >= 0.000) U[0,0] (n_evts >= 0.000))"
59,"((LOS >= 0.000) U[0,0] (y >= 0.000))"
60,"((MET <= 0.000) U[0,0] (Mort >= 0.000))"
61,"((MET <= 0.000) U[0,0] (y >= 0.000))"
62,"((MET >= 0.000) U[0,0] (Mort <= 0.000))"
63,"((MET >= 0.000) U[0,0] (PARTIAL_THROMBOPLASTIN_TIME >= 0.000))"
64,"((MET >= 0.000) U[0,0] (Temp <= 0.000))"
65,"((MET >= 0.000) U[0,0] (n_edrk >= 0.000))"
66,"((MET >= 0.000) U[0,0] (s24_edrk >= 0.000))"
67,"((MET >= 0.000) U[0,0] (s8_edrk <= 0.000))"
68,"((Mort < 0.000) U[0,0] (y = 0.000))"
69,"((Mort <= 0.000) U[0,0] (WHITE_BLOOD_CELL_COUNT >= 0.000))"
70,"((Mort <= 0.000) U[0,0] (n_evts >= 0.000))"
71,"((Mort <= 0.000) U[0,0] (y >= 0.000))"
72,"((Mort >= 0.000) U[0,0] (PLATELET_COUNT <= 0.000))"
73,"((Mort >= 0.000) U[0,0] (Pulse <= 0.000))"
74,"((Mort >= 0.000) U[0,0] (SBP >= 0.000))"
75,"((Mort >= 0.000) U[0,0] (SODIUM >= 0.000))"
76,"((Mort >= 0.000) U[0,0] (n_edrk <= 0.000))"
77,"((Mort >= 0.000) U[0,0] (s24_edrk >= 0.000))"
78,"((Mort >= 0.000) U[0,0] (tte >= 0.000))"
79,"((O2_Flow <= 0.000) U[0,0] (PLATELET_COUNT >= 0.000))"
80,"((O2_Flow <= 0.000) U[0,0] (tte <= 0.000))"
81,"((O2_Flow > 0.000) U[0,0] (y = 0.000))"
82,"((OXYGEN_SATURATION < 0.000) U[0,0] (y = 0.000))"
83,"((PARTIAL_THROMBOPLASTIN_TIME <= 0.000) U[0,0] (WHITE_BLOOD_CELL_COUNT <= 0.000))"
84,"((PARTIAL_THROMBOPLASTIN_TIME >= 0.000) U[0,0] (POTASSIUM <= 0.000))"
85,"((PHOSPHORUS <= 0.000) U[0,0] (PROTIME_INR <= 0.000))"
86,"((PHOSPHORUS >= 0.000) U[0,0] (tte <= 0.000))"
87,"((PLATELET_COUNT <= 0.000) U[0,0] (PROTIME_INR <= 0.000))"
88,"((PLATELET_COUNT <= 0.000) U[0,0] (y = 0.000))"
89,"((PLATELET_COUNT >= 0.000) U[0,0] (y >= 0.000))"
90,"((POTASSIUM < 0.000) U[0,0] (y = 0.000))"
91,"((POTASSIUM <= 0.000) U[0,0] (tte <= 0.000))"
92,"((PROTIME_INR <= 0.000) U[0,0] (tte <= 0.000))"
93,"((PROTIME_INR >= 0.000) U[0,0] (SpO2 >= 0.000))"
94,"((PROTIME_INR >= 0.000) U[0,0] (s24_hr >= 0.000))"
95,"((Pulse <= 0.000) U[0,0] (y = 0.000))"
96,"((Pulse <= 0.000) U[0,0] (y >= 0.000))"
97,"((Resp < 0.000) U[0,0] (y = 0.000))"
98,"((Resp <= 0.000) U[0,0] (WHITE_BLOOD_CELL_COUNT <= 0.000))"
99,"((Resp > 0.000) U[0,0] (y = 0.000))"
100,"((Resp >= 0.000) U[0,0] (y >= 0.000))"
101,"((SBP >= 0.000) U[0,0] (y >= 0.000))"
102,"((SODIUM >= 0.000) U[0,0] (tte <= 0.000))"
103,"((Sgy >= 0.000) U[0,0] (y = 0.000))"
104,"((Temp < 0.000) U[0,0] (y = 0.000))"
105,"((Temp > 0.000) U[0,0] (y = 0.000))"
106,"((Temp >= 0.000) U[0,0] (y >= 0.000))"
107,"((af <= 0.000) U[0,0] (Mort >= 0.000))"
108,"((af <= 0.000) U[0,0] (n_evts >= 0.000))"
109,"((af <= 0.000) U[0,0] (y = 0.000))"
110,"((af > 0.000) U[0,0] (y = 0.000))"
111,"((af >= 0.000) U[0,0] (ICU_Pt_Days >= 0.000))"
112,"((af >= 0.000) U[0,0] (PLATELET_COUNT <= 0.000))"
113,"((af >= 0.000) U[0,0] (direct >= 0.000))"
114,"((af >= 0.000) U[0,0] (s2_hr <= 0.000))"
115,"((af >= 0.000) U[0,0] (y >= 0.000))"
116,"((cosen < 0.000) U[0,0] (y = 0.000))"
117,"((cosen <= 0.000) U[0,0] (n_evts >= 0.000))"
118,"((cosen <= 0.000) U[0,0] (tte <= 0.000))"
119,"((cosen >= 0.000) U[0,0] (y >= 0.000))"
120,"((death < 0.000) U[0,0] (y = 0.000))"
121,"((death <= 0.000) U[0,0] (n_edrk <= 0.000))"
122,"((death <= 0.000) U[0,0] (tte <= 0.000))"
123,"((death >= 0.000) U[0,0] (LACTIC_ACID >= 0.000))"
124,"((death >= 0.000) U[0,0] (Mort <= 0.000))"
125,"((death >= 0.000) U[0,0] (PHOSPHORUS <= 0.000))"
126,"((death >= 0.000) U[0,0] (Pulse >= 0.000))"
127,"((death >= 0.000) U[0,0] (SODIUM <= 0.000))"
128,"((death >= 0.000) U[0,0] (Temp <= 0.000))"
129,"((death >= 0.000) U[0,0] (hr >= 0.000))"
130,"((death >= 0.000) U[0,0] (n_edrk <= 0.000))"
131,"((dfa <= 0.000) U[0,0] (Glasgow_Coma_Scale_Total <= 0.000))"
132,"((dfa <= 0.000) U[0,0] (PARTIAL_THROMBOPLASTIN_TIME >= 0.000))"
133,"((dfa <= 0.000) U[0,0] (n_edrk <= 0.000))"
134,"((dfa <= 0.000) U[0,0] (y >= 0.000))"
135,"((dfa >= 0.000) U[0,0] (n_evts >= 0.000))"
136,"((direct <= 0.000) U[0,0] (HEMOGLOBIN >= 0.000))"
137,"((direct <= 0.000) U[0,0] (n_evts >= 0.000))"
138,"((direct <= 0.000) U[0,0] (y >= 0.000))"
139,"((direct >= 0.000) U[0,0] (Glasgow_Coma_Scale_Total <= 0.000))"
140,"((direct >= 0.000) U[0,0] (POTASSIUM >= 0.000))"
141,"((direct >= 0.000) U[0,0] (SBP >= 0.000))"
142,"((direct >= 0.000) U[0,0] (n_edrk >= 0.000))"
143,"((edrk <= 0.000) U[0,0] (PARTIAL_THROMBOPLASTIN_TIME >= 0.000))"
144,"((edrk >= 0.000) U[0,0] (LOS >= 0.000))"
145,"((edrk >= 0.000) U[0,0] (POTASSIUM >= 0.000))"
146,"((edrk >= 0.000) U[0,0] (PROTIME_INR <= 0.000))"
147,"((hr <= 0.000) U[0,0] (Mort >= 0.000))"
148,"((hr <= 0.000) U[0,0] (n_evts >= 0.000))"
149,"((hr <= 0.000) U[0,0] (s2_hr <= 0.000))"
150,"((hr <= 0.000) U[0,0] (y >= 0.000))"
151,"((hr >= 0.000) U[0,0] (Mort >= 0.000))"
152,"((hr >= 0.000) U[0,0] (PLATELET_COUNT <= 0.000))"
153,"((hr >= 0.000) U[0,0] (Resp <= 0.000))"
154,"((hr >= 0.000) U[0,0] (lds <= 0.000))"
155,"((hr >= 0.000) U[0,0] (n_edrk <= 0.000))"
156,"((lds <= 0.000) U[0,0] (Mort >= 0.000))"
157,"((lds <= 0.000) U[0,0] (PROTIME_INR <= 0.000))"
158,"((lds <= 0.000) U[0,0] (Pulse >= 0.000))"
159,"((lds <= 0.000) U[0,0] (n_edrk <= 0.000))"
160,"((lds <= 0.000) U[0,0] (n_evts >= 0.000))"
161,"((lds >= 0.000) U[0,0] (LOS >= 0.000))"
162,"((lds >= 0.000) U[0,0] (PROTIME_INR >= 0.000))"
163,"((lds >= 0.000) U[0,0] (n_evts >= 0.000))"
164,"((n_edrk < 0.000) U[0,0] (y = 0.000))"
165,"((n_edrk <= 0.000) U[0,0] (O2_Flow <= 0.000))"
166,"((n_edrk <= 0.000) U[0,0] (POTASSIUM >= 0.000))"
167,"((n_edrk <= 0.000) U[0,0] (s24_hr <= 0.000))"
168,"((n_edrk <= 0.000) U[0,0] (tte >= 0.000))"
169,"((n_edrk >= 0.000) U[0,0] (tte <= 0.000))"
170,"((n_evts <= 0.000) U[0,0] (O2_Flow >= 0.000))"
171,"((n_evts <= 0.000) U[0,0] (WHITE_BLOOD_CELL_COUNT <= 0.000))"
172,"((n_evts <= 0.000) U[0,0] (WHITE_BLOOD_CELL_COUNT >= 0.000))"
173,"((n_evts >= 0.000) U[0,0] (PARTIAL_THROMBOPLASTIN_TIME <= 0.000))"
174,"((s24_edrk <= 0.000) U[0,0] (y >= 0.000))"
175,"((s24_hr <= 0.000) U[0,0] (tte <= 0.000))"
176,"((s24_hr >= 0.000) U[0,0] (SBP >= 0.000))"
177,"((s24_hr >= 0.000) U[0,0] (tte <= 0.000))"
178,"((s24_hr >= 0.000) U[0,0] (y = 0.000))"
179,"((s24_hr >= 0.000) U[0,0] (y >= 0.000))"
180,"((s2_edrk <= 0.000) U[0,0] (srr >= 0.000))"
181,"((s8_edrk < 0.000) U[0,0] (y = 0.000))"
182,"((s8_edrk >= 0.000) U[0,0] (y >= 0.000))"
183,"((s8_hr <= 0.000) U[0,0] (WHITE_BLOOD_CELL_COUNT >= 0.000))"
184,"((tte < 0.000) U[0,0] (y = 0.000))"
185,"F[0,0](((af <= 0.000 | AF <= 0.000) & cosen >= 0.000))"
186,"F[0,0]((AF <= 0.000 & n_evts >= 0.000))"
187,"F[0,0]((AF <= 0.000 -> Glasgow_Coma_Scale_Total <= 0.000))"
188,"F[0,0]((AF >= 0.000 & direct >= 0.000))"
189,"F[0,0]((AF >= 0.000 -> af >= 0.000))"
190,"F[0,0]((AST_GOT > 0.000 & y = 0.000))"
191,"F[0,0]((AST_GOT >= 0.000 & y = 0.000))"
192,"F[0,0]((BLOOD_UREA_NITROGEN <= 0.000 & CREATININE >= 0.000))"
193,"F[0,0]((BLOOD_UREA_NITROGEN <= 0.000 & tte <= 0.000))"
194,"F[0,0]((BLOOD_UREA_NITROGEN <= 0.000 -> death >= 0.000))"
195,"F[0,0]((BLOOD_UREA_NITROGEN >= 0.000 & Glasgow_Coma_Scale_Total <= 0.000))"
196,"F[0,0]((BLOOD_UREA_NITROGEN >= 0.000 & WHITE_BLOOD_CELL_COUNT <= 0.000))"
197,"F[0,0]((CALCIUM <= 0.000 & CREATININE >= 0.000))"
198,"F[0,0]((CALCIUM <= 0.000 & direct >= 0.000))"
199,"F[0,0]((CALCIUM <= 0.000 & s24_hr <= 0.000))"
200,"F[0,0]((CALCIUM >= 0.000 -> SBP >= 0.000))"
201,"F[0,0]((CALCIUM >= 0.000 -> direct >= 0.000))"
202,"F[0,0]((CO2 < 0.000 & y = 0.000))"
203,"F[0,0]((CO2 < 0.000 -> y = 0.000))"
204,"F[0,0]((CO2 >= 0.000 & ICU_Pt_Days >= 0.000))"
205,"F[0,0]((CO2 >= 0.000 & PLATELET_COUNT >= 0.000))"
206,"F[0,0]((CREATININE >= 0.000 & death >= 0.000))"
207,"F[0,0]((GLUCOSE <= 0.000 & n_edrk <= 0.000))"
208,"F[0,0]((Glasgow_Coma_Scale_Total <= 0.000 & O2_Flow >= 0.000))"
209,"F[0,0]((Glasgow_Coma_Scale_Total <= 0.000 & n_evts >= 0.000))"
210,"F[0,0]((Glasgow_Coma_Scale_Total <= 0.000 & s24_hr >= 0.000))"
211,"F[0,0]((Glasgow_Coma_Scale_Total <= 0.000 | O2_Flow >= 0.000))"
212,"F[0,0]((Glasgow_Coma_Scale_Total > 0.000 -> y = 0.000))"
213,"F[0,0]((Glasgow_Coma_Scale_Total >= 0.000 & LACTIC_ACID >= 0.000))"
214,"F[0,0]((Glasgow_Coma_Scale_Total >= 0.000 -> HEMOGLOBIN <= 0.000))"
215,"F[0,0]((Glasgow_Coma_Scale_Total >= 0.000 -> O2_Flow >= 0.000))"
216,"F[0,0]((HEMOGLOBIN <= 0.000 & O2_Flow <= 0.000))"
217,"F[0,0]((HEMOGLOBIN <= 0.000 & n_evts >= 0.000))"
218,"F[0,0]((HEMOGLOBIN <= 0.000 & s8_hr >= 0.000))"
219,"F[0,0]((HEMOGLOBIN <= 0.000 -> WHITE_BLOOD_CELL_COUNT >= 0.000))"
220,"F[0,0]((HEMOGLOBIN >= 0.000 | n_evts >= 0.000))"
221,"F[0,0]((ICU_Pt_Days <= 0.000 & y >= 0.000))"
222,"F[0,0]((ICU_Pt_Days <= 0.000 -> y = 0.000))"
223,"F[0,0]((ICU_Pt_Days >= 0.000 & Mort >= 0.000))"
224,"F[0,0]((ICU_Pt_Days >= 0.000 & POTASSIUM >= 0.000))"
225,"F[0,0]((ICU_Pt_Days >= 0.000 & n_edrk <= 0.000))"
226,"F[0,0]((ICU_Pt_Days >= 0.000 & y = 0.000))"
227,"F[0,0]((ICU_Pt_Days >= 0.000 -> y >= 0.000))"
228,"F[0,0]((ICU_Pt_Days >= 0.000 | tte <= 0.000))"
229,"F[0,0]((LACTIC_ACID >= 0.000 & PHOSPHORUS <= 0.000))"
230,"F[0,0]((LOS <= 0.000 & n_edrk <= 0.000))"
231,"F[0,0]((LOS <= 0.000 -> n_edrk <= 0.000))"
232,"F[0,0]((LOS <= 0.000 -> n_evts >= 0.000))"
233,"F[0,0]((LOS <= 0.000 -> y >= 0.000))"
234,"F[0,0]((LOS >= 0.000 & Mort >= 0.000))"
235,"F[0,0]((LOS >= 0.000 & s8_edrk >= 0.000))"
236,"F[0,0]((MAGNESIUM <= 0.000 & PHOSPHORUS <= 0.000))"
237,"F[0,0]((MAGNESIUM <= 0.000 & s8_hr <= 0.000))"
238,"F[0,0]((MAGNESIUM >= 0.000 -> y = 0.000))"
239,"F[0,0]((MET <= 0.000 -> PHOSPHORUS <= 0.000))"
240,"F[0,0]((Mort <= 0.000 -> POTASSIUM >= 0.000))"
241,"F[0,0]((Mort <= 0.000 -> n_edrk <= 0.000))"
242,"F[0,0]((Mort >= 0.000 & PHOSPHORUS <= 0.000))"
243,"F[0,0]((Mort >= 0.000 & WHITE_BLOOD_CELL_COUNT >= 0.000))"
244,"F[0,0]((Mort >= 0.000 | O2_Flow >= 0.000))"
245,"F[0,0]((Mort >= 0.000 | PLATELET_COUNT >= 0.000))"
246,"F[0,0]((O2_Flow < 0.000 -> y = 0.000))"
247,"F[0,0]((O2_Flow <= 0.000 & PLATELET_COUNT >= 0.000))"
248,"F[0,0]((O2_Flow <= 0.000 -> SBP <= 0.000))"
249,"F[0,0]((O2_Flow <= 0.000 -> WHITE_BLOOD_CELL_COUNT >= 0.000))"
250,"F[0,0]((O2_Flow > 0.000 -> y = 0.000))"
251,"F[0,0]((O2_Flow >= 0.000 & Pulse >= 0.000))"
252,"F[0,0]((O2_Flow >= 0.000 & s8_hr >= 0.000))"
253,"F[0,0]((PARTIAL_THROMBOPLASTIN_TIME <= 0.000 & SpO2 >= 0.000))"
254,"F[0,0]((PARTIAL_THROMBOPLASTIN_TIME <= 0.000 -> y = 0.000))"
255,"F[0,0]((PCO2 > 0.000 & y = 0.000))"
256,"F[0,0]((PHOSPHORUS <= 0.000 & PLATELET_COUNT >= 0.000))"
257,"F[0,0]((PHOSPHORUS >= 0.000 -> WHITE_BLOOD_CELL_COUNT <= 0.000))"
258,"F[0,0]((PLATELET_COUNT >= 0.000 & tte <= 0.000))"
259,"F[0,0]((PLATELET_COUNT >= 0.000 -> tte <= 0.000))"
260,"F[0,0]((POTASSIUM <= 0.000 & s2_hr <= 0.000))"
261,"F[0,0]((POTASSIUM <= 0.000 & s8_hr <= 0.000))"
262,"F[0,0]((POTASSIUM <= 0.000 & y = 0.000))"
263,"F[0,0]((Pulse < 0.000 -> y = 0.000))"
264,"F[0,0]((Pulse <= 0.000 -> WHITE_BLOOD_CELL_COUNT <= 0.000))"
265,"F[0,0]((Pulse >= 0.000 & y >= 0.000))"
266,"F[0,0]((Resp <= 0.000 | y >= 0.000))"
267,"F[0,0]((SBP < 0.000 & y = 0.000))"
268,"F[0,0]((SBP <= 0.000 -> tte <= 0.000))"
269,"F[0,0]((SBP <= 0.000 -> y >= 0.000))"
270,"F[0,0]((SODIUM <= 0.000 -> y = 0.000))"
271,"F[0,0]((SpO2 < 0.000 -> y = 0.000))"
272,"F[0,0]((SpO2 > 0.000 & y = 0.000))"
273,"F[0,0]((SpO2 >= 0.000 -> y = 0.000))"
274,"F[0,0]((TOTAL_PROTEIN >= 0.000 & y = 0.000))"
275,"F[0,0]((TROPONIN_I < 0.000 & y = 0.000))"
276,"F[0,0]((Temp >= 0.000 -> y >= 0.000))"
277,"F[0,0]((WHITE_BLOOD_CELL_COUNT <= 0.000 -> y = 0.000))"
278,"F[0,0]((af <= 0.000 & O2_Flow >= 0.000))"
279,"F[0,0]((af <= 0.000 & y >= 0.000))"
280,"F[0,0]((cosen <= 0.000 & O2_Flow >= 0.000))"
281,"F[0,0]((cosen <= 0.000 -> Mort >= 0.000))"
282,"F[0,0]((cosen >= 0.000 & PARTIAL_THROMBOPLASTIN_TIME >= 0.000))"
283,"F[0,0]((cosen >= 0.000 & PHOSPHORUS >= 0.000))"
284,"F[0,0]((cosen >= 0.000 & n_edrk <= 0.000))"
285,"F[0,0]((death <= 0.000 & y >= 0.000))"
286,"F[0,0]((death >= 0.000 & Mort >= 0.000))"
287,"F[0,0]((death >= 0.000 & dfa <= 0.000))"
288,"F[0,0]((death >= 0.000 & s8_edrk >= 0.000))"
289,"F[0,0]((death >= 0.000 | Glasgow_Coma_Scale_Total <= 0.000))"
290,"F[0,0]((dfa <= 0.000 -> direct >= 0.000))"
291,"F[0,0]((dfa <= 0.000 -> s8_hr <= 0.000))"
292,"F[0,0]((dfa >= 0.000 & Mort >= 0.000))"
293,"F[0,0]((direct < 0.000 -> y = 0.000))"
294,"F[0,0]((direct <= 0.000 -> LOS >= 0.000))"
295,"F[0,0]((direct <= 0.000 -> y >= 0.000))"
296,"F[0,0]((direct >= 0.000 & PLATELET_COUNT >= 0.000))"
297,"F[0,0]((direct >= 0.000 & WHITE_BLOOD_CELL_COUNT <= 0.000))"
298,"F[0,0]((direct >= 0.000 & WHITE_BLOOD_CELL_COUNT >= 0.000))"
299,"F[0,0]((direct >= 0.000 & edrk <= 0.000))"
300,"F[0,0]((direct >= 0.000 & hr >= 0.000))"
301,"F[0,0]((direct >= 0.000 & s8_edrk <= 0.000))"
302,"F[0,0]((direct >= 0.000 | GLUCOSE <= 0.000))"
303,"F[0,0]((direct >= 0.000 | n_edrk <= 0.000))"
304,"F[0,0]((edrk <= 0.000 & PLATELET_COUNT <= 0.000))"
305,"F[0,0]((edrk <= 0.000 & n_evts >= 0.000))"
306,"F[0,0]((edrk <= 0.000 & tte <= 0.000))"
307,"F[0,0]((edrk <= 0.000 -> Mort >= 0.000))"
308,"F[0,0]((edrk <= 0.000 -> y >= 0.000))"
309,"F[0,0]((edrk > 0.000 & y = 0.000))"
310,"F[0,0]((hr <= 0.000 -> MET >= 0.000))"
311,"F[0,0]((hr >= 0.000 | y >= 0.000))"
312,"F[0,0]((lds > 0.000 & y = 0.000))"
313,"F[0,0]((lds >= 0.000 & PLATELET_COUNT <= 0.000))"
314,"F[0,0]((lds >= 0.000 & s8_hr <= 0.000))"
315,"F[0,0]((lds >= 0.000 & y >= 0.000))"
316,"F[0,0]((n_edrk <= 0.000 & Resp <= 0.000))"
317,"F[0,0]((n_edrk <= 0.000 & SBP <= 0.000))"
318,"F[0,0]((n_edrk <= 0.000 & tte >= 0.000))"
319,"F[0,0]((n_evts <= 0.000 -> O2_Flow >= 0.000))"
320,"F[0,0]((n_evts >= 0.000 & PLATELET_COUNT <= 0.000))"
321,"F[0,0]((n_evts >= 0.000 & y >= 0.000))"
322,"F[0,0]((n_evts >= 0.000 | PARTIAL_THROMBOPLASTIN_TIME >= 0.000))"
323,"F[0,0]((n_evts >= 0.000 | PROTIME_INR <= 0.000))"
324,"F[0,0]((s24_edrk < 0.000 -> y = 0.000))"
325,"F[0,0]((s24_hr <= 0.000 | srr >= 0.000))"
326,"F[0,0]((s2_edrk >= 0.000 & tte <= 0.000))"
327,"F[0,0]((s2_hr > 0.000 -> y = 0.000))"
328,"F[0,0]((s8_edrk <= 0.000 & y = 0.000))"
329,"F[0,0]((srr >= 0.000 & y = 0.000))"
330,"F[0,0]((tte <= 0.000 & WHITE_BLOOD_CELL_COUNT >= 0.000))"
331,"G[0,0]((AF <= 0.000 & SBP >= 0.000))"
332,"G[0,0]((AF <= 0.000 & cosen <= 0.000))"
333,"G[0,0]((AF <= 0.000 -> CALCIUM >= 0.000))"
334,"G[0,0]((AF <= 0.000 -> LOS <= 0.000))"
335,"G[0,0]((AF <= 0.000 | Glasgow_Coma_Scale_Total <= 0.000))"
336,"G[0,0]((AF <= 0.000 | ICU_Pt_Days >= 0.000))"
337,"G[0,0]((AF >= 0.000 -> CREATININE >= 0.000))"
338,"G[0,0]((AF >= 0.000 -> PHOSPHORUS <= 0.000))"
339,"G[0,0]((AF >= 0.000 -> direct <= 0.000))"
340,"G[0,0]((AF >= 0.000 -> y <= 0.000))"
341,"G[0,0]((AF >= 0.000 | POTASSIUM <= 0.000))"
342,"G[0,0]((ALBUMIN <= 0.000 -> n_evts <= 0.000))"
343,"G[0,0]((ALKALINE_PHOSPHATASE < 0.000 -> y = 0.000))"
344,"G[0,0]((BLOOD_UREA_NITROGEN <= 0.000 | n_edrk <= 0.000))"
345,"G[0,0]((BLOOD_UREA_NITROGEN >= 0.000 -> CO2 >= 0.000))"
346,"G[0,0]((BLOOD_UREA_NITROGEN >= 0.000 -> O2_Flow <= 0.000))"
347,"G[0,0]((BLOOD_UREA_NITROGEN >= 0.000 -> cosen <= 0.000))"
348,"G[0,0]((CALCIUM <= 0.000 -> Mort <= 0.000))"
349,"G[0,0]((CALCIUM <= 0.000 | PHOSPHORUS >= 0.000))"
350,"G[0,0]((CALCIUM <= 0.000 | edrk <= 0.000))"
351,"G[0,0]((CALCIUM >= 0.000 & HEMOGLOBIN <= 0.000))"
352,"G[0,0]((CALCIUM >= 0.000 -> n_evts <= 0.000))"
353,"G[0,0]((CALCIUM >= 0.000 | s24_hr <= 0.000))"
354,"G[0,0]((CHLORIDE <= 0.000 -> O2_Flow <= 0.000))"
355,"G[0,0]((CHLORIDE <= 0.000 | PHOSPHORUS <= 0.000))"
356,"G[0,0]((CHLORIDE <= 0.000 | direct <= 0.000))"
357,"G[0,0]((CHLORIDE <= 0.000 | edrk >= 0.000))"
358,"G[0,0]((CHLORIDE >= 0.000 & tte >= 0.000))"
359,"G[0,0]((CHLORIDE >= 0.000 | CO2 <= 0.000))"
360,"G[0,0]((CHLORIDE >= 0.000 | Resp >= 0.000))"
361,"G[0,0]((CHLORIDE >= 0.000 | n_edrk >= 0.000))"
362,"G[0,0]((CHLORIDE >= 0.000 | y <= 0.000))"
363,"G[0,0]((CO2 <= 0.000 -> ICU_Pt_Days <= 0.000))"
364,"G[0,0]((CO2 >= 0.000 -> GLUCOSE <= 0.000))"
365,"G[0,0]((CO2 >= 0.000 | LOS <= 0.000))"
366,"G[0,0]((CO2 >= 0.000 | Mort <= 0.000))"
367,"G[0,0]((CO2 >= 0.000 | Mort >= 0.000))"
368,"G[0,0]((CO2 >= 0.000 | Temp >= 0.000))"
369,"G[0,0]((CREATININE <= 0.000 & PHOSPHORUS <= 0.000))"
370,"G[0,0]((CREATININE <= 0.000 -> n_edrk >= 0.000))"
371,"G[0,0]((CREATININE <= 0.000 | LOS >= 0.000))"
372,"G[0,0]((CREATININE > 0.000 -> y = 0.000))"
373,"G[0,0]((CREATININE >= 0.000 & O2_Flow <= 0.000))"
374,"G[0,0]((CREATININE >= 0.000 & Pulse <= 0.000))"
375,"G[0,0]((CREATININE >= 0.000 & SBP <= 0.000))"
376,"G[0,0]((CREATININE >= 0.000 | PLATELET_COUNT <= 0.000))"
377,"G[0,0]((GLUCOSE <= 0.000 -> Temp <= 0.000))"
378,"G[0,0]((GLUCOSE <= 0.000 | MAGNESIUM <= 0.000))"
379,"G[0,0]((GLUCOSE <= 0.000 | WHITE_BLOOD_CELL_COUNT >= 0.000))"
380,"G[0,0]((GLUCOSE >= 0.000 -> O2_Flow >= 0.000))"
381,"G[0,0]((Glasgow_Coma_Scale_Total <= 0.000 -> tte >= 0.000))"
382,"G[0,0]((Glasgow_Coma_Scale_Total >= 0.000 & s24_edrk >= 0.000))"
383,"G[0,0]((Glasgow_Coma_Scale_Total >= 0.000 | Resp <= 0.000))"
384,"G[0,0]((Glasgow_Coma_Scale_Total >= 0.000 | s8_edrk >= 0.000))"
385,"G[0,0]((HEMOGLOBIN <= 0.000 & SBP <= 0.000))"
386,"G[0,0]((HEMOGLOBIN <= 0.000 -> Temp <= 0.000))"
387,"G[0,0]((HEMOGLOBIN <= 0.000 -> hr <= 0.000))"
388,"G[0,0]((HEMOGLOBIN >= 0.000 & Resp <= 0.000))"
389,"G[0,0]((HEMOGLOBIN >= 0.000 -> s8_hr >= 0.000))"
390,"G[0,0]((HEMOGLOBIN >= 0.000 | hr <= 0.000))"
391,"G[0,0]((ICU_Pt_Days <= 0.000 & WHITE_BLOOD_CELL_COUNT >= 0.000))"
392,"G[0,0]((ICU_Pt_Days <= 0.000 | O2_Flow >= 0.000))"
393,"G[0,0]((ICU_Pt_Days <= 0.000 | PARTIAL_THROMBOPLASTIN_TIME <= 0.000))"
394,"G[0,0]((ICU_Pt_Days <= 0.000 | PLATELET_COUNT >= 0.000))"
395,"G[0,0]((ICU_Pt_Days >= 0.000 & Mort <= 0.000))"
396,"G[0,0]((ICU_Pt_Days >= 0.000 -> O2_Flow <= 0.000))"
397,"G[0,0]((ICU_Pt_Days >= 0.000 -> s24_hr <= 0.000))"
398,"G[0,0]((ICU_Pt_Days >= 0.000 -> s8_edrk >= 0.000))"
399,"G[0,0]((ICU_Pt_Days >= 0.000 -> y <= 0.000))"
400,"G[0,0]((ICU_Pt_Days >= 0.000 | PARTIAL_THROMBOPLASTIN_TIME <= 0.000))"
401,"G[0,0]((ICU_Pt_Days >= 0.000 | PLATELET_COUNT >= 0.000))"
402,"G[0,0]((ICU_Pt_Days >= 0.000 | WHITE_BLOOD_CELL_COUNT >= 0.000))"
403,"G[0,0]((ICU_Pt_Days >= 0.000 | s24_edrk >= 0.000))"
404,"G[0,0]((ICU_Pt_Days >= 0.000 | s24_hr <= 0.000))"
405,"G[0,0]((LACTIC_ACID >= 0.000 -> s8_hr >= 0.000))"
406,"G[0,0]((LOS <= 0.000 & O2_Flow <= 0.000))"
407,"G[0,0]((LOS <= 0.000 & SBP >= 0.000))"
408,"G[0,0]((LOS <= 0.000 | n_edrk <= 0.000))"
409,"G[0,0]((LOS >= 0.000 & SBP >= 0.000))"
410,"G[0,0]((LOS >= 0.000 & s24_edrk >= 0.000))"
411,"G[0,0]((LOS >= 0.000 & s8_edrk >= 0.000))"
412,"G[0,0]((LOS >= 0.000 -> SBP <= 0.000))"
413,"G[0,0]((LOS >= 0.000 -> s8_edrk >= 0.000))"
414,"G[0,0]((LOS >= 0.000 | s8_edrk <= 0.000))"
415,"G[0,0]((MAGNESIUM <= 0.000 -> O2_Flow <= 0.000))"
416,"G[0,0]((MAGNESIUM <= 0.000 -> s24_hr <= 0.000))"
417,"G[0,0]((MAGNESIUM <= 0.000 -> s8_hr <= 0.000))"
418,"G[0,0]((MAGNESIUM <= 0.000 | PHOSPHORUS >= 0.000))"
419,"G[0,0]((MAGNESIUM >= 0.000 | SpO2 <= 0.000))"
420,"G[0,0]((MET >= 0.000 -> n_evts <= 0.000))"
421,"G[0,0]((Mort <= 0.000 & n_evts <= 0.000))"
422,"G[0,0]((Mort <= 0.000 | PHOSPHORUS >= 0.000))"
423,"G[0,0]((Mort <= 0.000 | Resp <= 0.000))"
424,"G[0,0]((Mort > 0.000 -> y = 0.000))"
425,"G[0,0]((O2_Flow <= 0.000 & s24_hr >= 0.000))"
426,"G[0,0]((O2_Flow <= 0.000 & y <= 0.000))"
427,"G[0,0]((O2_Flow <= 0.000 | WHITE_BLOOD_CELL_COUNT >= 0.000))"
428,"G[0,0]((O2_Flow >= 0.000 & s2_hr >= 0.000))"
429,"G[0,0]((O2_Flow >= 0.000 -> SpO2 >= 0.000))"
430,"G[0,0]((PARTIAL_THROMBOPLASTIN_TIME <= 0.000 & PROTIME_INR >= 0.000))"
431,"G[0,0]((PARTIAL_THROMBOPLASTIN_TIME <= 0.000 -> y <= 0.000))"
432,"G[0,0]((PARTIAL_THROMBOPLASTIN_TIME <= 0.000 | s8_hr <= 0.000))"
433,"G[0,0]((PARTIAL_THROMBOPLASTIN_TIME >= 0.000 -> SODIUM >= 0.000))"
434,"G[0,0]((PARTIAL_THROMBOPLASTIN_TIME >= 0.000 | PLATELET_COUNT >= 0.000))"
435,"G[0,0]((PHOSPHORUS <= 0.000 -> y = 0.000))"
436,"G[0,0]((PHOSPHORUS >= 0.000 & y <= 0.000))"
437,"G[0,0]((PHOSPHORUS >= 0.000 | Resp >= 0.000))"
438,"G[0,0]((PLATELET_COUNT <= 0.000 -> Temp >= 0.000))"
439,"G[0,0]((POTASSIUM <= 0.000 & Resp <= 0.000))"
440,"G[0,0]((PROTIME_INR <= 0.000 -> SpO2 <= 0.000))"
441,"G[0,0]((PROTIME_INR <= 0.000 -> srr <= 0.000))"
442,"G[0,0]((PROTIME_INR <= 0.000 | SBP <= 0.000))"
443,"G[0,0]((PROTIME_INR >= 0.000 | s24_hr >= 0.000))"
444,"G[0,0]((Pulse <= 0.000 & s2_edrk <= 0.000))"
445,"G[0,0]((Pulse <= 0.000 -> Temp <= 0.000))"
446,"G[0,0]((Pulse >= 0.000 & y <= 0.000))"
447,"G[0,0]((Pulse >= 0.000 -> WHITE_BLOOD_CELL_COUNT <= 0.000))"
448,"G[0,0]((Pulse >= 0.000 -> s24_hr >= 0.000))"
449,"G[0,0]((Pulse >= 0.000 -> y <= 0.000))"
450,"G[0,0]((Pulse >= 0.000 | Resp >= 0.000))"
451,"G[0,0]((Resp <= 0.000 -> s2_edrk <= 0.000))"
452,"G[0,0]((Resp >= 0.000 -> s24_edrk >= 0.000))"
453,"G[0,0]((SBP <= 0.000 -> tte >= 0.000))"
454,"G[0,0]((SBP <= 0.000 -> y <= 0.000))"
455,"G[0,0]((SBP <= 0.000 | tte >= 0.000))"
456,"G[0,0]((SBP >= 0.000 | srr <= 0.000))"
457,"G[0,0]((SODIUM <= 0.000 & Temp <= 0.000))"
458,"G[0,0]((SODIUM <= 0.000 | WHITE_BLOOD_CELL_COUNT <= 0.000))"
459,"G[0,0]((SODIUM >= 0.000 -> tte >= 0.000))"
460,"G[0,0]((SpO2 <= 0.000 | srr <= 0.000))"
461,"G[0,0]((SpO2 >= 0.000 | srr >= 0.000))"
462,"G[0,0]((Temp <= 0.000 -> WHITE_BLOOD_CELL_COUNT <= 0.000))"
463,"G[0,0]((WHITE_BLOOD_CELL_COUNT <= 0.000 -> y <= 0.000))"
464,"G[0,0]((af <= 0.000 -> n_edrk >= 0.000))"
465,"G[0,0]((af >= 0.000 -> hr <= 0.000))"
466,"G[0,0]((af >= 0.000 | LOS <= 0.000))"
467,"G[0,0]((cosen <= 0.000 & Pulse <= 0.000))"
468,"G[0,0]((cosen <= 0.000 & death <= 0.000))"
469,"G[0,0]((cosen <= 0.000 & tte >= 0.000))"
470,"G[0,0]((cosen <= 0.000 | PHOSPHORUS >= 0.000))"
471,"G[0,0]((cosen >= 0.000 & LOS >= 0.000))"
472,"G[0,0]((cosen >= 0.000 -> PROTIME_INR >= 0.000))"
473,"G[0,0]((cosen >= 0.000 -> WHITE_BLOOD_CELL_COUNT >= 0.000))"
474,"G[0,0]((cosen >= 0.000 -> lds <= 0.000))"
475,"G[0,0]((cosen >= 0.000 | Temp <= 0.000))"
476,"G[0,0]((cosen >= 0.000 | direct <= 0.000))"
477,"G[0,0]((cosen >= 0.000 | y <= 0.000))"
478,"G[0,0]((death <= 0.000 & hr <= 0.000))"
479,"G[0,0]((death <= 0.000 -> SODIUM <= 0.000))"
480,"G[0,0]((death <= 0.000 -> s2_edrk >= 0.000))"
481,"G[0,0]((death <= 0.000 | GLUCOSE >= 0.000))"
482,"G[0,0]((death <= 0.000 | tte >= 0.000))"
483,"G[0,0]((death >= 0.000 -> PHOSPHORUS <= 0.000))"
484,"G[0,0]((death >= 0.000 -> WHITE_BLOOD_CELL_COUNT >= 0.000))"
485,"G[0,0]((death >= 0.000 -> n_evts >= 0.000))"
486,"G[0,0]((death >= 0.000 | MET <= 0.000))"
487,"G[0,0]((death >= 0.000 | Resp <= 0.000))"
488,"G[0,0]((dfa <= 0.000 & POTASSIUM <= 0.000))"
489,"G[0,0]((dfa <= 0.000 | PHOSPHORUS <= 0.000))"
490,"G[0,0]((dfa <= 0.000 | POTASSIUM >= 0.000))"
491,"G[0,0]((dfa <= 0.000 | s8_edrk <= 0.000))"
492,"G[0,0]((dfa >= 0.000 | SpO2 >= 0.000))"
493,"G[0,0]((direct <= 0.000 & WHITE_BLOOD_CELL_COUNT >= 0.000))"
494,"G[0,0]((direct <= 0.000 & n_edrk >= 0.000))"
495,"G[0,0]((direct <= 0.000 | LOS <= 0.000))"
496,"G[0,0]((direct <= 0.000 | lds <= 0.000))"
497,"G[0,0]((direct >= 0.000 -> n_evts <= 0.000))"
498,"G[0,0]((edrk <= 0.000 | LACTIC_ACID <= 0.000))"
499,"G[0,0]((edrk <= 0.000 | SBP >= 0.000))"
500,"G[0,0]((edrk >= 0.000 & Glasgow_Coma_Scale_Total >= 0.000))"
501,"G[0,0]((edrk >= 0.000 -> s8_edrk <= 0.000))"
502,"G[0,0]((edrk >= 0.000 | hr <= 0.000))"
503,"G[0,0]((hr <= 0.000 & Temp <= 0.000))"
504,"G[0,0]((hr <= 0.000 & n_evts <= 0.000))"
505,"G[0,0]((hr <= 0.000 | PHOSPHORUS >= 0.000))"
506,"G[0,0]((hr <= 0.000 | SBP <= 0.000))"
507,"G[0,0]((hr >= 0.000 & Pulse >= 0.000))"
508,"G[0,0]((hr >= 0.000 & WHITE_BLOOD_CELL_COUNT >= 0.000))"
509,"G[0,0]((hr >= 0.000 -> Resp >= 0.000))"
510,"G[0,0]((hr >= 0.000 -> s24_hr >= 0.000))"
511,"G[0,0]((hr >= 0.000 -> s8_hr <= 0.000))"
512,"G[0,0]((hr >= 0.000 | PLATELET_COUNT <= 0.000))"
513,"G[0,0]((lds <= 0.000 & SBP >= 0.000))"
514,"G[0,0]((n_edrk <= 0.000 -> PHOSPHORUS <= 0.000))"
515,"G[0,0]((n_edrk <= 0.000 -> SpO2 >= 0.000))"
516,"G[0,0]((n_edrk <= 0.000 -> WHITE_BLOOD_CELL_COUNT <= 0.000))"
517,"G[0,0]((n_edrk <= 0.000 -> WHITE_BLOOD_CELL_COUNT >= 0.000))"
518,"G[0,0]((n_edrk <= 0.000 | y <= 0.000))"
519,"G[0,0]((n_edrk >= 0.000 & SBP <= 0.000))"
520,"G[0,0]((n_edrk >= 0.000 & y <= 0.000))"
521,"G[0,0]((n_edrk >= 0.000 | PROTIME_INR <= 0.000))"
522,"G[0,0]((n_edrk >= 0.000 | n_evts >= 0.000))"
523,"G[0,0]((n_evts <= 0.000 & O2_Flow <= 0.000))"
524,"G[0,0]((n_evts <= 0.000 & Temp >= 0.000))"
525,"G[0,0]((n_evts <= 0.000 -> LOS >= 0.000))"
526,"G[0,0]((n_evts <= 0.000 -> SBP <= 0.000))"
527,"G[0,0]((n_evts <= 0.000 | O2_Flow >= 0.000))"
528,"G[0,0]((n_evts <= 0.000 | y >= 0.000))"
529,"G[0,0]((n_evts > 0.000 -> y = 0.000))"
530,"G[0,0]((n_evts >= 0.000 -> WHITE_BLOOD_CELL_COUNT >= 0.000))"
531,"G[0,0]((s24_edrk <= 0.000 -> s2_edrk <= 0.000))"
532,"G[0,0]((s24_edrk >= 0.000 | s8_edrk >= 0.000))"
533,"G[0,0]((s24_hr >= 0.000 | y >= 0.000))"
534,"G[0,0]((s8_edrk >= 0.000 -> Temp >= 0.000))"
535,"G[0,0]((s8_hr <= 0.000 -> SBP <= 0.000))"
536,"G[0,0]((s8_hr <= 0.000 | SODIUM >= 0.000))"
537,"G[0,0]((s8_hr >= 0.000 | WHITE_BLOOD_CELL_COUNT <= 0.000))"
538,"G[0,0]((tte <= 0.000 | WHITE_BLOOD_CELL_COUNT >= 0.000))"
